CustomerID,FullName,Email,SignUpDate,City,Country,SegmentName
CUST-1001,Ishaan Gupta,customer.1001@example.com,2025-11-23,Hyderabad,India,High-Value
CUST-1002,Riya Patel,customer.1002@example.com,2023-12-29,Ahmedabad,India,Frequent-Buyer
CUST-1003,Diya Reddy,customer.1003@example.com,2023-01-18,Surat,India,High-Value
CUST-1004,Ishaan Singh,customer.1004@example.com,2025-07-28,Delhi,India,Frequent-Buyer
CUST-1005,Ishaan Gupta,customer.1005@example.com,2022-02-07,Ahmedabad,India,High-Value
CUST-1006,Arjun Gupta,customer.1006@example.com,2024-08-14,Jaipur,India,High-Value
CUST-1007,Riya Sharma,customer.1007@example.com,2023-01-19,Surat,India,High-Value
CUST-1008,Pari Sharma,customer.1008@example.com,2023-10-04,Pune,India,Active
CUST-1009,Vivaan Mehta,customer.1009@example.com,2023-04-13,Chennai,India,High-Value
CUST-1010,Saanvi Reddy,customer.1010@example.com,2024-08-23,Pune,India,High-Value
CUST-1011,Saanvi Mehta,customer.1011@example.com,2023-05-05,Pune,India,Active
CUST-1012,Ananya Patel,customer.1012@example.com,2024-03-29,Chennai,India,
CUST-1013,Arjun Gupta,customer.1013@example.com,2023-09-22,Chennai,India,Frequent-Buyer
CUST-1014,Ishaan Singh,customer.1014@example.com,2025-04-09,Bangalore,India,High-Value
CUST-1015,Ananya Kumar,customer.1015@example.com,2024-04-30,Jaipur,India,
CUST-1016,Aditya Shah,customer.1016@example.com,2023-09-02,Delhi,India,High-Value
CUST-1017,Reyansh Singh,customer.1017@example.com,2024-07-17,Kolkata,India,
CUST-1018,Aadya Kumar,customer.1018@example.com,2025-04-09,Jaipur,India,
CUST-1019,Kiara Shah,customer.1019@example.com,2024-12-21,Ahmedabad,India,High-Value
CUST-1020,Krishna Sharma,customer.1020@example.com,2025-06-12,Jaipur,India,
CUST-1021,Aditya Gupta,customer.1021@example.com,2023-02-18,Chennai,India,High-Value
CUST-1022,Diya Kumar,customer.1022@example.com,2022-12-16,Hyderabad,India,Frequent-Buyer
CUST-1023,Kiara Singh,customer.1023@example.com,2022-03-08,Kolkata,India,Frequent-Buyer
CUST-1024,Sai Shah,customer.1024@example.com,2022-04-16,Chennai,India,
CUST-1025,Sai Patel,customer.1025@example.com,2024-12-05,Surat,India,High-Value
CUST-1026,Pari Sharma,customer.1026@example.com,2023-04-04,Chennai,India,Frequent-Buyer
CUST-1027,Ishaan Verma,customer.1027@example.com,2023-05-27,Surat,India,High-Value
CUST-1028,Krishna Sharma,customer.1028@example.com,2023-06-02,Hyderabad,India,High-Value
CUST-1029,Sai Patel,customer.1029@example.com,2024-10-04,Ahmedabad,India,High-Value
CUST-1030,Ishaan Sharma,customer.1030@example.com,2025-04-23,Delhi,India,High-Value
CUST-1031,Ayaan Mehta,customer.1031@example.com,2023-10-13,Surat,India,Frequent-Buyer
CUST-1032,Aditya Gupta,customer.1032@example.com,2023-06-28,Delhi,India,Active
CUST-1033,Kiara Patel,customer.1033@example.com,2025-09-19,Pune,India,High-Value
CUST-1034,Ananya Verma,customer.1034@example.com,2022-09-26,Chennai,India,Frequent-Buyer
CUST-1035,Riya Shah,customer.1035@example.com,2022-02-20,Mumbai,India,High-Value
CUST-1036,Aarav Mehta,customer.1036@example.com,2024-05-03,Mumbai,India,
CUST-1037,Ayaan Kumar,customer.1037@example.com,2025-12-19,Pune,India,High-Value
CUST-1038,Aditya Mehta,customer.1038@example.com,2025-03-22,Jaipur,India,
CUST-1039,Arjun Verma,customer.1039@example.com,2022-05-22,Bangalore,India,Frequent-Buyer
CUST-1040,Kiara Verma,customer.1040@example.com,2022-11-02,Delhi,India,High-Value
CUST-1041,Aadya Patel,customer.1041@example.com,2022-09-08,Surat,India,High-Value
CUST-1042,Arjun Reddy,customer.1042@example.com,2025-02-28,Chennai,India,Frequent-Buyer
CUST-1043,Aarav Verma,customer.1043@example.com,2025-09-13,Pune,India,
CUST-1044,Aarav Kumar,customer.1044@example.com,2025-07-23,Pune,India,High-Value
CUST-1045,Sitara Sharma,customer.1045@example.com,2022-03-30,Bangalore,India,Active
CUST-1046,Krishna Sharma,customer.1046@example.com,2024-01-31,Pune,India,Frequent-Buyer
CUST-1047,Ananya Patel,customer.1047@example.com,2022-01-29,Surat,India,High-Value
CUST-1048,Ayaan Mehta,customer.1048@example.com,2022-07-08,Ahmedabad,India,Active
CUST-1049,Aarav Gupta,customer.1049@example.com,2025-12-06,Surat,India,
CUST-1050,Saanvi Patel,customer.1050@example.com,2023-08-08,Mumbai,India,High-Value
CUST-1051,Diya Verma,customer.1051@example.com,2022-12-23,Surat,India,Frequent-Buyer
CUST-1052,Sai Singh,customer.1052@example.com,2024-04-19,Hyderabad,India,High-Value
CUST-1053,Sai Sharma,customer.1053@example.com,2022-03-16,Surat,India,Frequent-Buyer
CUST-1054,Diya Mehta,customer.1054@example.com,2024-03-10,Chennai,India,Frequent-Buyer
CUST-1055,Vivaan Mehta,customer.1055@example.com,2023-06-24,Surat,India,
CUST-1056,Sitara Verma,customer.1056@example.com,2025-03-16,Kolkata,India,Frequent-Buyer
CUST-1057,Reyansh Reddy,customer.1057@example.com,2024-05-29,Ahmedabad,India,Active
CUST-1058,Reyansh Singh,customer.1058@example.com,2024-03-12,Bangalore,India,
CUST-1059,Ishaan Gupta,customer.1059@example.com,2024-09-26,Chennai,India,High-Value
CUST-1060,Vihaan Sharma,customer.1060@example.com,2022-07-21,Pune,India,
CUST-1061,Ishaan Shah,customer.1061@example.com,2023-09-05,Hyderabad,India,High-Value
CUST-1062,Aditya Mehta,customer.1062@example.com,2022-04-02,Jaipur,India,High-Value
CUST-1063,Saanvi Gupta,customer.1063@example.com,2024-10-15,Ahmedabad,India,Frequent-Buyer
CUST-1064,Pari Patel,customer.1064@example.com,2026-02-01,Mumbai,India,High-Value
CUST-1065,Ananya Shah,customer.1065@example.com,2023-11-27,Kolkata,India,
CUST-1066,Aadya Singh,customer.1066@example.com,2023-10-19,Chennai,India,
CUST-1067,Vihaan Verma,customer.1067@example.com,2023-10-05,Delhi,India,Frequent-Buyer
CUST-1068,Aarav Reddy,customer.1068@example.com,2025-07-22,Kolkata,India,Frequent-Buyer
CUST-1069,Aarav Jain,customer.1069@example.com,2023-03-18,Hyderabad,India,High-Value
CUST-1070,Diya Kumar,customer.1070@example.com,2022-12-07,Mumbai,India,Frequent-Buyer
CUST-1071,Sitara Patel,customer.1071@example.com,2023-06-18,Mumbai,India,
CUST-1072,Aarav Mehta,customer.1072@example.com,2026-01-07,Bangalore,India,
CUST-1073,Pari Kumar,customer.1073@example.com,2026-01-28,Chennai,India,High-Value
CUST-1074,Reyansh Reddy,customer.1074@example.com,2024-01-21,Mumbai,India,Frequent-Buyer
CUST-1075,Aadya Jain,customer.1075@example.com,2024-10-10,Chennai,India,
CUST-1076,Aarav Patel,customer.1076@example.com,2026-01-10,Chennai,India,High-Value
CUST-1077,Ishaan Sharma,customer.1077@example.com,2022-01-29,Bangalore,India,Frequent-Buyer
CUST-1078,Vivaan Kumar,customer.1078@example.com,2024-03-08,Delhi,India,Frequent-Buyer
CUST-1079,Arjun Singh,customer.1079@example.com,2022-02-04,Bangalore,India,High-Value
CUST-1080,Sitara Mehta,customer.1080@example.com,2024-01-02,Mumbai,India,High-Value
CUST-1081,Arjun Reddy,customer.1081@example.com,2024-03-08,Hyderabad,India,
CUST-1082,Pari Reddy,customer.1082@example.com,2025-11-01,Kolkata,India,Frequent-Buyer
CUST-1083,Saanvi Sharma,customer.1083@example.com,2025-11-01,Pune,India,Frequent-Buyer
CUST-1084,Sai Patel,customer.1084@example.com,2023-10-19,Kolkata,India,High-Value
CUST-1085,Ishaan Gupta,customer.1085@example.com,2024-02-17,Hyderabad,India,High-Value
CUST-1086,Ayaan Mehta,customer.1086@example.com,2022-10-13,Jaipur,India,Frequent-Buyer
CUST-1087,Vivaan Singh,customer.1087@example.com,2025-12-21,Surat,India,High-Value
CUST-1088,Aditya Kumar,customer.1088@example.com,2022-11-15,Kolkata,India,High-Value
CUST-1089,Pari Jain,customer.1089@example.com,2025-11-19,Delhi,India,
CUST-1090,Aditya Sharma,customer.1090@example.com,2023-03-27,Pune,India,Frequent-Buyer
CUST-1091,Krishna Singh,customer.1091@example.com,2024-06-08,Jaipur,India,
CUST-1092,Ayaan Patel,customer.1092@example.com,2025-04-20,Bangalore,India,
CUST-1093,Arjun Sharma,customer.1093@example.com,2024-02-23,Kolkata,India,High-Value
CUST-1094,Ishaan Gupta,customer.1094@example.com,2023-12-22,Ahmedabad,India,High-Value
CUST-1095,Pari Mehta,customer.1095@example.com,2022-08-04,Mumbai,India,High-Value
CUST-1096,Saanvi Jain,customer.1096@example.com,2023-03-16,Mumbai,India,High-Value
CUST-1097,Sitara Mehta,customer.1097@example.com,2025-02-24,Pune,India,High-Value
CUST-1098,Vihaan Singh,customer.1098@example.com,2025-09-27,Bangalore,India,High-Value
CUST-1099,Aarav Gupta,customer.1099@example.com,2025-10-04,Pune,India,Frequent-Buyer
CUST-1100,Ishaan Jain,customer.1100@example.com,2025-04-20,Hyderabad,India,Frequent-Buyer
CUST-1101,Ananya Mehta,customer.1101@example.com,2024-05-06,Hyderabad,India,Frequent-Buyer
CUST-1102,Saanvi Patel,customer.1102@example.com,2024-12-30,Kolkata,India,Frequent-Buyer
CUST-1103,Aditya Gupta,customer.1103@example.com,2022-10-10,Kolkata,India,
CUST-1104,Riya Verma,customer.1104@example.com,2025-03-15,Jaipur,India,Frequent-Buyer
CUST-1105,Sitara Patel,customer.1105@example.com,2024-06-01,Surat,India,High-Value
CUST-1106,Diya Reddy,customer.1106@example.com,2024-03-01,Ahmedabad,India,High-Value
CUST-1107,Aarav Sharma,customer.1107@example.com,2025-07-17,Mumbai,India,
CUST-1108,Ananya Jain,customer.1108@example.com,2022-06-07,Ahmedabad,India,
CUST-1109,Aarav Gupta,customer.1109@example.com,2023-11-15,Hyderabad,India,High-Value
CUST-1110,Aadya Sharma,customer.1110@example.com,2023-09-27,Chennai,India,
CUST-1111,Saanvi Singh,customer.1111@example.com,2025-03-05,Chennai,India,High-Value
CUST-1112,Reyansh Reddy,customer.1112@example.com,2024-06-10,Ahmedabad,India,
CUST-1113,Aadya Shah,customer.1113@example.com,2022-05-10,Hyderabad,India,High-Value
CUST-1114,Vihaan Mehta,customer.1114@example.com,2024-01-22,Ahmedabad,India,High-Value
CUST-1115,Vihaan Jain,customer.1115@example.com,2023-11-16,Jaipur,India,High-Value
CUST-1116,Diya Shah,customer.1116@example.com,2022-09-26,Kolkata,India,High-Value
CUST-1117,Saanvi Kumar,customer.1117@example.com,2025-01-17,Jaipur,India,Frequent-Buyer
CUST-1118,Sitara Singh,customer.1118@example.com,2026-01-02,Ahmedabad,India,High-Value
CUST-1119,Sai Gupta,customer.1119@example.com,2025-05-22,Bangalore,India,Frequent-Buyer
CUST-1120,Kiara Reddy,customer.1120@example.com,2022-06-24,Hyderabad,India,Frequent-Buyer
CUST-1121,Aditya Jain,customer.1121@example.com,2022-04-16,Ahmedabad,India,High-Value
CUST-1122,Riya Kumar,customer.1122@example.com,2022-10-21,Mumbai,India,Frequent-Buyer
CUST-1123,Vivaan Patel,customer.1123@example.com,2022-09-25,Chennai,India,
CUST-1124,Riya Sharma,customer.1124@example.com,2022-11-14,Hyderabad,India,High-Value
CUST-1125,Ananya Kumar,customer.1125@example.com,2025-09-05,Surat,India,High-Value
CUST-1126,Vivaan Verma,customer.1126@example.com,2024-05-26,Chennai,India,High-Value
CUST-1127,Ishaan Patel,customer.1127@example.com,2025-07-22,Jaipur,India,Frequent-Buyer
CUST-1128,Saanvi Gupta,customer.1128@example.com,2024-09-02,Surat,India,High-Value
CUST-1129,Aditya Verma,customer.1129@example.com,2025-10-07,Mumbai,India,
CUST-1130,Vihaan Gupta,customer.1130@example.com,2022-11-03,Kolkata,India,High-Value
CUST-1131,Sai Patel,customer.1131@example.com,2023-07-29,Surat,India,
CUST-1132,Ishaan Shah,customer.1132@example.com,2024-09-03,Delhi,India,High-Value
CUST-1133,Sai Verma,customer.1133@example.com,2023-10-06,Jaipur,India,High-Value
CUST-1134,Reyansh Gupta,customer.1134@example.com,2023-12-25,Kolkata,India,
CUST-1135,Pari Jain,customer.1135@example.com,2025-12-27,Chennai,India,High-Value
CUST-1136,Sai Patel,customer.1136@example.com,2024-02-21,Pune,India,High-Value
CUST-1137,Vihaan Sharma,customer.1137@example.com,2026-01-27,Delhi,India,
CUST-1138,Vihaan Verma,customer.1138@example.com,2023-01-24,Kolkata,India,High-Value
CUST-1139,Riya Singh,customer.1139@example.com,2025-01-31,Mumbai,India,
CUST-1140,Aarav Shah,customer.1140@example.com,2022-06-20,Pune,India,High-Value
CUST-1141,Pari Mehta,customer.1141@example.com,2025-11-13,Chennai,India,High-Value
CUST-1142,Saanvi Sharma,customer.1142@example.com,2025-01-17,Bangalore,India,High-Value
CUST-1143,Sitara Kumar,customer.1143@example.com,2024-09-23,Chennai,India,
CUST-1144,Sitara Reddy,customer.1144@example.com,2024-10-26,Bangalore,India,High-Value
CUST-1145,Krishna Reddy,customer.1145@example.com,2023-01-29,Delhi,India,High-Value
CUST-1146,Pari Gupta,customer.1146@example.com,2023-05-26,Jaipur,India,High-Value
CUST-1147,Pari Kumar,customer.1147@example.com,2024-02-24,Jaipur,India,High-Value
CUST-1148,Arjun Sharma,customer.1148@example.com,2024-01-31,Chennai,India,
CUST-1149,Ayaan Verma,customer.1149@example.com,2025-06-03,Hyderabad,India,
CUST-1150,Aditya Patel,customer.1150@example.com,2022-09-22,Chennai,India,High-Value
CUST-1151,Arjun Verma,customer.1151@example.com,2023-05-27,Mumbai,India,High-Value
CUST-1152,Ananya Gupta,customer.1152@example.com,2022-10-25,Ahmedabad,India,
CUST-1153,Ananya Jain,customer.1153@example.com,2026-01-26,Jaipur,India,High-Value
CUST-1154,Krishna Mehta,customer.1154@example.com,2023-01-28,Kolkata,India,
CUST-1155,Ishaan Sharma,customer.1155@example.com,2024-04-22,Bangalore,India,Frequent-Buyer
CUST-1156,Ananya Gupta,customer.1156@example.com,2024-08-07,Hyderabad,India,
CUST-1157,Aadya Reddy,customer.1157@example.com,2024-05-11,Mumbai,India,
CUST-1158,Sai Verma,customer.1158@example.com,2024-03-03,Delhi,India,Frequent-Buyer
CUST-1159,Diya Mehta,customer.1159@example.com,2024-01-11,Surat,India,Frequent-Buyer
CUST-1160,Pari Sharma,customer.1160@example.com,2023-11-07,Ahmedabad,India,
CUST-1161,Sitara Mehta,customer.1161@example.com,2025-08-27,Kolkata,India,
CUST-1162,Pari Gupta,customer.1162@example.com,2022-10-28,Pune,India,High-Value
CUST-1163,Ayaan Patel,customer.1163@example.com,2023-04-30,Chennai,India,High-Value
CUST-1164,Pari Singh,customer.1164@example.com,2025-08-04,Jaipur,India,High-Value
CUST-1165,Ishaan Singh,customer.1165@example.com,2022-08-17,Kolkata,India,Frequent-Buyer
CUST-1166,Ayaan Patel,customer.1166@example.com,2025-11-17,Pune,India,
CUST-1167,Sai Sharma,customer.1167@example.com,2023-02-17,Ahmedabad,India,
CUST-1168,Aadya Mehta,customer.1168@example.com,2022-06-13,Delhi,India,High-Value
CUST-1169,Aadya Jain,customer.1169@example.com,2025-03-25,Chennai,India,High-Value
CUST-1170,Vivaan Jain,customer.1170@example.com,2025-06-30,Surat,India,
CUST-1171,Sitara Sharma,customer.1171@example.com,2023-05-13,Jaipur,India,
CUST-1172,Aarav Jain,customer.1172@example.com,2022-05-10,Bangalore,India,
CUST-1173,Riya Mehta,customer.1173@example.com,2024-09-03,Bangalore,India,
CUST-1174,Reyansh Jain,customer.1174@example.com,2023-10-04,Ahmedabad,India,
CUST-1175,Sai Kumar,customer.1175@example.com,2024-12-21,Hyderabad,India,Frequent-Buyer
CUST-1176,Aarav Gupta,customer.1176@example.com,2023-01-21,Ahmedabad,India,Active
CUST-1177,Vihaan Sharma,customer.1177@example.com,2024-05-06,Hyderabad,India,High-Value
CUST-1178,Kiara Patel,customer.1178@example.com,2023-02-14,Surat,India,Active
CUST-1179,Arjun Sharma,customer.1179@example.com,2025-08-07,Hyderabad,India,
CUST-1180,Aadya Gupta,customer.1180@example.com,2024-07-06,Kolkata,India,High-Value
CUST-1181,Vihaan Shah,customer.1181@example.com,2025-01-12,Delhi,India,
CUST-1182,Diya Reddy,customer.1182@example.com,2025-01-04,Surat,India,
CUST-1183,Sai Jain,customer.1183@example.com,2025-08-18,Surat,India,
CUST-1184,Aditya Shah,customer.1184@example.com,2023-04-02,Pune,India,Frequent-Buyer
CUST-1185,Riya Gupta,customer.1185@example.com,2025-08-14,Mumbai,India,Active
CUST-1186,Ananya Patel,customer.1186@example.com,2024-09-28,Bangalore,India,High-Value
CUST-1187,Diya Verma,customer.1187@example.com,2025-01-18,Surat,India,
CUST-1188,Sitara Jain,customer.1188@example.com,2024-12-29,Delhi,India,Active
CUST-1189,Arjun Gupta,customer.1189@example.com,2025-11-01,Pune,India,Active
CUST-1190,Sai Patel,customer.1190@example.com,2025-12-14,Mumbai,India,High-Value
CUST-1191,Aadya Mehta,customer.1191@example.com,2024-10-05,Jaipur,India,High-Value
CUST-1192,Reyansh Mehta,customer.1192@example.com,2025-02-23,Jaipur,India,Frequent-Buyer
CUST-1193,Vihaan Kumar,customer.1193@example.com,2022-09-29,Surat,India,
CUST-1194,Ananya Verma,customer.1194@example.com,2025-02-22,Delhi,India,Frequent-Buyer
CUST-1195,Vivaan Gupta,customer.1195@example.com,2024-09-02,Chennai,India,High-Value
CUST-1196,Aditya Gupta,customer.1196@example.com,2023-12-13,Pune,India,High-Value
CUST-1197,Reyansh Shah,customer.1197@example.com,2024-04-22,Pune,India,Active
CUST-1198,Ayaan Gupta,customer.1198@example.com,2023-04-17,Bangalore,India,Frequent-Buyer
CUST-1199,Krishna Kumar,customer.1199@example.com,2022-12-28,Mumbai,India,
CUST-1200,Ayaan Verma,customer.1200@example.com,2025-03-31,Surat,India,High-Value
CUST-1201,Sai Shah,customer.1201@example.com,2022-10-19,Delhi,India,
CUST-1202,Sai Jain,customer.1202@example.com,2025-06-06,Chennai,India,
CUST-1203,Aditya Shah,customer.1203@example.com,2025-01-16,Delhi,India,Frequent-Buyer
CUST-1204,Diya Verma,customer.1204@example.com,2023-08-09,Chennai,India,
CUST-1205,Vihaan Shah,customer.1205@example.com,2022-08-15,Pune,India,Frequent-Buyer
CUST-1206,Saanvi Jain,customer.1206@example.com,2025-08-07,Kolkata,India,
CUST-1207,Vihaan Patel,customer.1207@example.com,2025-02-18,Chennai,India,High-Value
CUST-1208,Ayaan Shah,customer.1208@example.com,2025-04-27,Ahmedabad,India,
CUST-1209,Ishaan Kumar,customer.1209@example.com,2024-03-29,Mumbai,India,
CUST-1210,Aarav Sharma,customer.1210@example.com,2025-03-13,Mumbai,India,
CUST-1211,Ananya Patel,customer.1211@example.com,2022-06-15,Kolkata,India,High-Value
CUST-1212,Ananya Patel,customer.1212@example.com,2024-05-28,Mumbai,India,
CUST-1213,Kiara Sharma,customer.1213@example.com,2023-04-08,Hyderabad,India,
CUST-1214,Aadya Verma,customer.1214@example.com,2025-11-13,Mumbai,India,Frequent-Buyer
CUST-1215,Reyansh Kumar,customer.1215@example.com,2025-04-03,Jaipur,India,
CUST-1216,Reyansh Sharma,customer.1216@example.com,2025-08-03,Jaipur,India,High-Value
CUST-1217,Aadya Verma,customer.1217@example.com,2025-11-07,Ahmedabad,India,Frequent-Buyer
CUST-1218,Vivaan Patel,customer.1218@example.com,2022-12-02,Hyderabad,India,Active
CUST-1219,Pari Gupta,customer.1219@example.com,2024-10-31,Delhi,India,High-Value
CUST-1220,Vivaan Singh,customer.1220@example.com,2023-03-22,Pune,India,Frequent-Buyer
CUST-1221,Kiara Reddy,customer.1221@example.com,2023-06-23,Ahmedabad,India,Frequent-Buyer
CUST-1222,Aadya Verma,customer.1222@example.com,2024-02-14,Bangalore,India,
CUST-1223,Aditya Mehta,customer.1223@example.com,2025-07-17,Mumbai,India,
CUST-1224,Ananya Singh,customer.1224@example.com,2025-11-27,Kolkata,India,
CUST-1225,Ayaan Shah,customer.1225@example.com,2022-10-28,Kolkata,India,High-Value
CUST-1226,Diya Sharma,customer.1226@example.com,2024-05-09,Bangalore,India,High-Value
CUST-1227,Aadya Gupta,customer.1227@example.com,2022-05-30,Jaipur,India,
CUST-1228,Arjun Jain,customer.1228@example.com,2024-06-03,Mumbai,India,High-Value
CUST-1229,Kiara Patel,customer.1229@example.com,2022-01-07,Ahmedabad,India,High-Value
CUST-1230,Arjun Reddy,customer.1230@example.com,2022-01-29,Surat,India,High-Value
CUST-1231,Riya Verma,customer.1231@example.com,2024-04-02,Chennai,India,High-Value
CUST-1232,Diya Reddy,customer.1232@example.com,2022-04-24,Jaipur,India,High-Value
CUST-1233,Vivaan Verma,customer.1233@example.com,2025-11-19,Mumbai,India,High-Value
CUST-1234,Ayaan Sharma,customer.1234@example.com,2024-09-08,Chennai,India,Frequent-Buyer
CUST-1235,Ananya Patel,customer.1235@example.com,2024-05-20,Chennai,India,Frequent-Buyer
CUST-1236,Diya Kumar,customer.1236@example.com,2025-03-11,Surat,India,High-Value
CUST-1237,Ayaan Reddy,customer.1237@example.com,2024-12-10,Bangalore,India,
CUST-1238,Krishna Mehta,customer.1238@example.com,2022-12-02,Mumbai,India,Frequent-Buyer
CUST-1239,Sai Kumar,customer.1239@example.com,2024-11-25,Delhi,India,High-Value
CUST-1240,Aadya Jain,customer.1240@example.com,2025-01-28,Hyderabad,India,High-Value
CUST-1241,Sai Singh,customer.1241@example.com,2025-06-01,Jaipur,India,
CUST-1242,Vivaan Gupta,customer.1242@example.com,2025-04-11,Hyderabad,India,High-Value
CUST-1243,Riya Singh,customer.1243@example.com,2025-11-11,Kolkata,India,Frequent-Buyer
CUST-1244,Sai Singh,customer.1244@example.com,2023-08-15,Pune,India,High-Value
CUST-1245,Sitara Jain,customer.1245@example.com,2023-07-04,Jaipur,India,Frequent-Buyer
CUST-1246,Sai Gupta,customer.1246@example.com,2024-12-07,Kolkata,India,Frequent-Buyer
CUST-1247,Ananya Sharma,customer.1247@example.com,2025-08-29,Chennai,India,Frequent-Buyer
CUST-1248,Arjun Patel,customer.1248@example.com,2023-09-01,Kolkata,India,
CUST-1249,Saanvi Sharma,customer.1249@example.com,2022-11-21,Kolkata,India,Active
CUST-1250,Vivaan Patel,customer.1250@example.com,2024-03-25,Pune,India,High-Value
CUST-1251,Arjun Singh,customer.1251@example.com,2023-09-10,Chennai,India,
CUST-1252,Arjun Sharma,customer.1252@example.com,2025-12-28,Surat,India,Frequent-Buyer
CUST-1253,Vihaan Gupta,customer.1253@example.com,2024-08-25,Delhi,India,Active
CUST-1254,Kiara Singh,customer.1254@example.com,2023-07-07,Ahmedabad,India,High-Value
CUST-1255,Diya Patel,customer.1255@example.com,2025-08-14,Pune,India,High-Value
CUST-1256,Aadya Jain,customer.1256@example.com,2024-01-30,Ahmedabad,India,Frequent-Buyer
CUST-1257,Ananya Gupta,customer.1257@example.com,2025-09-02,Pune,India,
CUST-1258,Ananya Gupta,customer.1258@example.com,2023-10-11,Kolkata,India,High-Value
CUST-1259,Ananya Shah,customer.1259@example.com,2023-08-11,Hyderabad,India,High-Value
CUST-1260,Ayaan Kumar,customer.1260@example.com,2022-07-26,Kolkata,India,High-Value
CUST-1261,Krishna Sharma,customer.1261@example.com,2024-10-28,Bangalore,India,Active
CUST-1262,Arjun Jain,customer.1262@example.com,2022-03-08,Surat,India,
CUST-1263,Reyansh Singh,customer.1263@example.com,2022-06-16,Chennai,India,High-Value
CUST-1264,Vivaan Reddy,customer.1264@example.com,2024-01-24,Ahmedabad,India,High-Value
CUST-1265,Vihaan Kumar,customer.1265@example.com,2022-10-03,Mumbai,India,High-Value
CUST-1266,Riya Patel,customer.1266@example.com,2024-11-25,Mumbai,India,Frequent-Buyer
CUST-1267,Ishaan Verma,customer.1267@example.com,2023-08-06,Chennai,India,High-Value
CUST-1268,Vihaan Singh,customer.1268@example.com,2025-11-20,Ahmedabad,India,High-Value
CUST-1269,Pari Kumar,customer.1269@example.com,2025-08-30,Bangalore,India,Active
CUST-1270,Krishna Verma,customer.1270@example.com,2025-10-15,Jaipur,India,High-Value
CUST-1271,Ayaan Kumar,customer.1271@example.com,2022-07-06,Delhi,India,High-Value
CUST-1272,Vivaan Kumar,customer.1272@example.com,2024-11-08,Kolkata,India,High-Value
CUST-1273,Ishaan Kumar,customer.1273@example.com,2024-06-07,Hyderabad,India,
CUST-1274,Ishaan Shah,customer.1274@example.com,2023-03-02,Ahmedabad,India,
CUST-1275,Reyansh Kumar,customer.1275@example.com,2024-10-13,Hyderabad,India,Frequent-Buyer
CUST-1276,Vivaan Shah,customer.1276@example.com,2025-08-01,Mumbai,India,High-Value
CUST-1277,Vivaan Jain,customer.1277@example.com,2023-04-09,Ahmedabad,India,High-Value
CUST-1278,Ishaan Sharma,customer.1278@example.com,2025-07-24,Surat,India,Active
CUST-1279,Pari Gupta,customer.1279@example.com,2022-07-24,Jaipur,India,
CUST-1280,Ishaan Verma,customer.1280@example.com,2024-07-28,Surat,India,
CUST-1281,Aadya Kumar,customer.1281@example.com,2024-08-22,Bangalore,India,
CUST-1282,Kiara Patel,customer.1282@example.com,2023-05-17,Kolkata,India,High-Value
CUST-1283,Ayaan Singh,customer.1283@example.com,2023-06-17,Bangalore,India,
CUST-1284,Saanvi Verma,customer.1284@example.com,2022-04-30,Ahmedabad,India,High-Value
CUST-1285,Diya Kumar,customer.1285@example.com,2025-06-16,Surat,India,
CUST-1286,Kiara Reddy,customer.1286@example.com,2024-08-15,Delhi,India,High-Value
CUST-1287,Riya Singh,customer.1287@example.com,2023-11-10,Ahmedabad,India,Frequent-Buyer
CUST-1288,Kiara Verma,customer.1288@example.com,2022-11-12,Surat,India,
CUST-1289,Diya Shah,customer.1289@example.com,2024-10-12,Ahmedabad,India,High-Value
CUST-1290,Riya Gupta,customer.1290@example.com,2022-03-14,Mumbai,India,High-Value
CUST-1291,Reyansh Verma,customer.1291@example.com,2025-07-18,Chennai,India,
CUST-1292,Sitara Kumar,customer.1292@example.com,2024-03-22,Hyderabad,India,
CUST-1293,Ayaan Mehta,customer.1293@example.com,2024-08-12,Chennai,India,
CUST-1294,Krishna Shah,customer.1294@example.com,2024-08-23,Pune,India,Frequent-Buyer
CUST-1295,Reyansh Patel,customer.1295@example.com,2023-03-08,Bangalore,India,High-Value
CUST-1296,Pari Kumar,customer.1296@example.com,2023-08-27,Jaipur,India,Frequent-Buyer
CUST-1297,Kiara Mehta,customer.1297@example.com,2022-12-17,Jaipur,India,
CUST-1298,Pari Jain,customer.1298@example.com,2023-11-30,Jaipur,India,High-Value
CUST-1299,Vivaan Shah,customer.1299@example.com,2022-12-08,Chennai,India,
CUST-1300,Riya Singh,customer.1300@example.com,2022-03-23,Jaipur,India,Frequent-Buyer
CUST-1301,Kiara Kumar,customer.1301@example.com,2024-08-11,Bangalore,India,Frequent-Buyer
CUST-1302,Ishaan Gupta,customer.1302@example.com,2025-12-12,Mumbai,India,High-Value
CUST-1303,Riya Reddy,customer.1303@example.com,2024-03-10,Chennai,India,High-Value
CUST-1304,Ishaan Mehta,customer.1304@example.com,2022-02-19,Chennai,India,Frequent-Buyer
CUST-1305,Vihaan Reddy,customer.1305@example.com,2024-01-03,Surat,India,High-Value
CUST-1306,Arjun Mehta,customer.1306@example.com,2022-07-02,Pune,India,Frequent-Buyer
CUST-1307,Ananya Patel,customer.1307@example.com,2025-07-25,Hyderabad,India,High-Value
CUST-1308,Diya Jain,customer.1308@example.com,2023-01-25,Surat,India,Frequent-Buyer
CUST-1309,Diya Shah,customer.1309@example.com,2024-08-17,Chennai,India,High-Value
CUST-1310,Vivaan Sharma,customer.1310@example.com,2023-12-30,Ahmedabad,India,
CUST-1311,Sai Singh,customer.1311@example.com,2025-03-31,Surat,India,High-Value
CUST-1312,Riya Verma,customer.1312@example.com,2023-10-13,Jaipur,India,
CUST-1313,Diya Kumar,customer.1313@example.com,2026-02-10,Delhi,India,High-Value
CUST-1314,Krishna Kumar,customer.1314@example.com,2022-07-28,Surat,India,
CUST-1315,Krishna Shah,customer.1315@example.com,2022-09-17,Ahmedabad,India,Active
CUST-1316,Pari Mehta,customer.1316@example.com,2024-05-25,Bangalore,India,High-Value
CUST-1317,Saanvi Verma,customer.1317@example.com,2023-09-09,Ahmedabad,India,
CUST-1318,Aarav Patel,customer.1318@example.com,2023-10-05,Ahmedabad,India,
CUST-1319,Aadya Singh,customer.1319@example.com,2025-03-17,Kolkata,India,High-Value
CUST-1320,Vihaan Verma,customer.1320@example.com,2023-09-23,Pune,India,High-Value
CUST-1321,Pari Singh,customer.1321@example.com,2024-05-18,Ahmedabad,India,Frequent-Buyer
CUST-1322,Kiara Patel,customer.1322@example.com,2024-06-07,Pune,India,
CUST-1323,Aditya Reddy,customer.1323@example.com,2024-01-28,Surat,India,High-Value
CUST-1324,Saanvi Sharma,customer.1324@example.com,2025-03-26,Jaipur,India,High-Value
CUST-1325,Ananya Singh,customer.1325@example.com,2022-06-14,Pune,India,
CUST-1326,Ananya Patel,customer.1326@example.com,2023-03-22,Hyderabad,India,
CUST-1327,Krishna Patel,customer.1327@example.com,2024-11-02,Ahmedabad,India,
CUST-1328,Aditya Mehta,customer.1328@example.com,2023-11-24,Pune,India,
CUST-1329,Kiara Verma,customer.1329@example.com,2025-07-15,Surat,India,High-Value
CUST-1330,Ayaan Mehta,customer.1330@example.com,2025-07-17,Delhi,India,
CUST-1331,Diya Verma,customer.1331@example.com,2023-03-13,Pune,India,High-Value
CUST-1332,Kiara Kumar,customer.1332@example.com,2023-02-28,Pune,India,High-Value
CUST-1333,Sitara Patel,customer.1333@example.com,2022-03-05,Hyderabad,India,Frequent-Buyer
CUST-1334,Pari Patel,customer.1334@example.com,2023-06-11,Jaipur,India,Frequent-Buyer
CUST-1335,Ishaan Jain,customer.1335@example.com,2023-04-23,Mumbai,India,High-Value
CUST-1336,Krishna Verma,customer.1336@example.com,2024-02-13,Hyderabad,India,High-Value
CUST-1337,Aarav Verma,customer.1337@example.com,2023-05-07,Ahmedabad,India,High-Value
CUST-1338,Diya Gupta,customer.1338@example.com,2023-08-31,Surat,India,Frequent-Buyer
CUST-1339,Riya Singh,customer.1339@example.com,2023-01-07,Ahmedabad,India,High-Value
CUST-1340,Diya Jain,customer.1340@example.com,2022-01-14,Mumbai,India,High-Value
CUST-1341,Vivaan Mehta,customer.1341@example.com,2025-04-04,Pune,India,High-Value
CUST-1342,Arjun Gupta,customer.1342@example.com,2023-05-09,Kolkata,India,
CUST-1343,Riya Singh,customer.1343@example.com,2025-10-30,Ahmedabad,India,
CUST-1344,Saanvi Reddy,customer.1344@example.com,2024-04-17,Hyderabad,India,High-Value
CUST-1345,Krishna Shah,customer.1345@example.com,2025-07-16,Hyderabad,India,High-Value
CUST-1346,Arjun Sharma,customer.1346@example.com,2026-02-03,Hyderabad,India,High-Value
CUST-1347,Aarav Shah,customer.1347@example.com,2022-12-31,Mumbai,India,Frequent-Buyer
CUST-1348,Sai Patel,customer.1348@example.com,2024-08-13,Delhi,India,
CUST-1349,Ayaan Sharma,customer.1349@example.com,2025-01-22,Delhi,India,Frequent-Buyer
CUST-1350,Aditya Patel,customer.1350@example.com,2024-06-13,Bangalore,India,High-Value
CUST-1351,Riya Mehta,customer.1351@example.com,2023-02-19,Ahmedabad,India,High-Value
CUST-1352,Saanvi Reddy,customer.1352@example.com,2025-01-23,Mumbai,India,
CUST-1353,Saanvi Shah,customer.1353@example.com,2022-05-31,Surat,India,Frequent-Buyer
CUST-1354,Ayaan Mehta,customer.1354@example.com,2023-08-18,Kolkata,India,High-Value
CUST-1355,Aarav Sharma,customer.1355@example.com,2023-07-19,Chennai,India,
CUST-1356,Ayaan Verma,customer.1356@example.com,2023-12-31,Chennai,India,High-Value
CUST-1357,Sitara Mehta,customer.1357@example.com,2024-01-18,Chennai,India,Active
CUST-1358,Riya Verma,customer.1358@example.com,2024-03-01,Pune,India,
CUST-1359,Sai Sharma,customer.1359@example.com,2022-05-20,Bangalore,India,High-Value
CUST-1360,Vihaan Shah,customer.1360@example.com,2022-07-03,Kolkata,India,High-Value
CUST-1361,Ayaan Sharma,customer.1361@example.com,2022-05-14,Kolkata,India,Frequent-Buyer
CUST-1362,Aarav Jain,customer.1362@example.com,2024-04-12,Delhi,India,High-Value
CUST-1363,Sai Kumar,customer.1363@example.com,2022-09-07,Hyderabad,India,
CUST-1364,Aadya Jain,customer.1364@example.com,2022-06-16,Hyderabad,India,Frequent-Buyer
CUST-1365,Krishna Patel,customer.1365@example.com,2025-05-11,Kolkata,India,
CUST-1366,Ayaan Gupta,customer.1366@example.com,2025-11-14,Surat,India,High-Value
CUST-1367,Ananya Singh,customer.1367@example.com,2023-11-06,Bangalore,India,High-Value
CUST-1368,Ishaan Singh,customer.1368@example.com,2025-05-28,Bangalore,India,Active
CUST-1369,Pari Jain,customer.1369@example.com,2023-09-21,Delhi,India,High-Value
CUST-1370,Aditya Reddy,customer.1370@example.com,2024-07-23,Kolkata,India,High-Value
CUST-1371,Vivaan Sharma,customer.1371@example.com,2024-09-06,Delhi,India,
CUST-1372,Saanvi Sharma,customer.1372@example.com,2022-08-23,Mumbai,India,Active
CUST-1373,Riya Shah,customer.1373@example.com,2024-01-28,Bangalore,India,High-Value
CUST-1374,Sitara Patel,customer.1374@example.com,2025-09-01,Ahmedabad,India,High-Value
CUST-1375,Diya Jain,customer.1375@example.com,2023-04-28,Chennai,India,Frequent-Buyer
CUST-1376,Kiara Patel,customer.1376@example.com,2024-02-04,Kolkata,India,Frequent-Buyer
CUST-1377,Aarav Patel,customer.1377@example.com,2026-01-23,Kolkata,India,
CUST-1378,Sai Verma,customer.1378@example.com,2024-02-13,Ahmedabad,India,High-Value
CUST-1379,Vivaan Gupta,customer.1379@example.com,2024-05-11,Mumbai,India,High-Value
CUST-1380,Pari Verma,customer.1380@example.com,2025-04-16,Surat,India,High-Value
CUST-1381,Arjun Singh,customer.1381@example.com,2025-04-02,Mumbai,India,High-Value
CUST-1382,Krishna Kumar,customer.1382@example.com,2023-01-17,Surat,India,
CUST-1383,Diya Verma,customer.1383@example.com,2024-12-14,Delhi,India,High-Value
CUST-1384,Kiara Kumar,customer.1384@example.com,2022-04-23,Bangalore,India,High-Value
CUST-1385,Vihaan Verma,customer.1385@example.com,2023-04-05,Kolkata,India,
CUST-1386,Sai Patel,customer.1386@example.com,2025-08-28,Jaipur,India,Frequent-Buyer
CUST-1387,Reyansh Kumar,customer.1387@example.com,2022-01-26,Bangalore,India,High-Value
CUST-1388,Ayaan Gupta,customer.1388@example.com,2024-03-20,Mumbai,India,High-Value
CUST-1389,Kiara Jain,customer.1389@example.com,2024-06-16,Kolkata,India,High-Value
CUST-1390,Arjun Kumar,customer.1390@example.com,2024-09-22,Surat,India,
CUST-1391,Aadya Sharma,customer.1391@example.com,2024-01-29,Mumbai,India,High-Value
CUST-1392,Arjun Reddy,customer.1392@example.com,2022-02-24,Kolkata,India,High-Value
CUST-1393,Sitara Shah,customer.1393@example.com,2025-12-01,Delhi,India,High-Value
CUST-1394,Sai Kumar,customer.1394@example.com,2022-09-24,Pune,India,High-Value
CUST-1395,Arjun Patel,customer.1395@example.com,2023-12-11,Jaipur,India,Active
CUST-1396,Ayaan Gupta,customer.1396@example.com,2022-09-26,Chennai,India,
CUST-1397,Vihaan Singh,customer.1397@example.com,2024-01-31,Surat,India,High-Value
CUST-1398,Saanvi Patel,customer.1398@example.com,2024-09-16,Surat,India,High-Value
CUST-1399,Diya Verma,customer.1399@example.com,2024-11-16,Ahmedabad,India,
CUST-1400,Vivaan Reddy,customer.1400@example.com,2025-05-02,Mumbai,India,Frequent-Buyer
CUST-1401,Vihaan Kumar,customer.1401@example.com,2024-04-29,Hyderabad,India,Frequent-Buyer
CUST-1402,Saanvi Reddy,customer.1402@example.com,2022-12-04,Delhi,India,
CUST-1403,Aarav Singh,customer.1403@example.com,2023-04-14,Bangalore,India,
CUST-1404,Sitara Verma,customer.1404@example.com,2022-05-03,Jaipur,India,High-Value
CUST-1405,Sai Verma,customer.1405@example.com,2026-01-06,Pune,India,
CUST-1406,Vivaan Verma,customer.1406@example.com,2022-09-27,Jaipur,India,Frequent-Buyer
CUST-1407,Pari Shah,customer.1407@example.com,2022-11-04,Surat,India,
CUST-1408,Vihaan Sharma,customer.1408@example.com,2022-04-23,Surat,India,High-Value
CUST-1409,Ananya Patel,customer.1409@example.com,2022-03-01,Jaipur,India,Frequent-Buyer
CUST-1410,Diya Reddy,customer.1410@example.com,2023-06-23,Surat,India,High-Value
CUST-1411,Ishaan Patel,customer.1411@example.com,2023-02-19,Surat,India,High-Value
CUST-1412,Ananya Patel,customer.1412@example.com,2024-11-20,Delhi,India,Frequent-Buyer
CUST-1413,Riya Mehta,customer.1413@example.com,2025-11-10,Ahmedabad,India,High-Value
CUST-1414,Aditya Patel,customer.1414@example.com,2024-01-11,Kolkata,India,Frequent-Buyer
CUST-1415,Ananya Singh,customer.1415@example.com,2022-02-11,Delhi,India,Frequent-Buyer
CUST-1416,Aditya Gupta,customer.1416@example.com,2022-02-13,Mumbai,India,
CUST-1417,Saanvi Kumar,customer.1417@example.com,2022-10-24,Ahmedabad,India,
CUST-1418,Saanvi Jain,customer.1418@example.com,2025-11-23,Bangalore,India,
CUST-1419,Krishna Reddy,customer.1419@example.com,2022-01-17,Chennai,India,High-Value
CUST-1420,Sitara Singh,customer.1420@example.com,2025-11-05,Delhi,India,
CUST-1421,Pari Kumar,customer.1421@example.com,2022-02-25,Chennai,India,Frequent-Buyer
CUST-1422,Vivaan Reddy,customer.1422@example.com,2025-04-05,Jaipur,India,
CUST-1423,Saanvi Mehta,customer.1423@example.com,2025-07-22,Surat,India,Frequent-Buyer
CUST-1424,Riya Shah,customer.1424@example.com,2024-04-03,Chennai,India,
CUST-1425,Ishaan Mehta,customer.1425@example.com,2023-05-15,Bangalore,India,High-Value
CUST-1426,Vivaan Singh,customer.1426@example.com,2023-02-19,Mumbai,India,High-Value
CUST-1427,Pari Sharma,customer.1427@example.com,2025-07-31,Hyderabad,India,High-Value
CUST-1428,Pari Sharma,customer.1428@example.com,2023-06-01,Hyderabad,India,Frequent-Buyer
CUST-1429,Ishaan Gupta,customer.1429@example.com,2023-03-10,Kolkata,India,Frequent-Buyer
CUST-1430,Kiara Singh,customer.1430@example.com,2022-03-20,Mumbai,India,
CUST-1431,Vihaan Jain,customer.1431@example.com,2022-04-28,Ahmedabad,India,High-Value
CUST-1432,Aditya Reddy,customer.1432@example.com,2024-08-14,Hyderabad,India,
CUST-1433,Vivaan Reddy,customer.1433@example.com,2025-12-06,Ahmedabad,India,High-Value
CUST-1434,Aditya Shah,customer.1434@example.com,2025-05-05,Kolkata,India,Frequent-Buyer
CUST-1435,Vihaan Mehta,customer.1435@example.com,2023-06-21,Bangalore,India,Active
CUST-1436,Pari Shah,customer.1436@example.com,2025-11-28,Kolkata,India,Active
CUST-1437,Pari Shah,customer.1437@example.com,2022-07-25,Chennai,India,High-Value
CUST-1438,Diya Patel,customer.1438@example.com,2023-03-07,Pune,India,High-Value
CUST-1439,Kiara Patel,customer.1439@example.com,2025-01-05,Bangalore,India,High-Value
CUST-1440,Arjun Jain,customer.1440@example.com,2022-12-04,Kolkata,India,High-Value
CUST-1441,Sai Reddy,customer.1441@example.com,2023-04-07,Mumbai,India,
CUST-1442,Arjun Sharma,customer.1442@example.com,2024-04-02,Kolkata,India,Frequent-Buyer
CUST-1443,Kiara Singh,customer.1443@example.com,2023-10-31,Surat,India,High-Value
CUST-1444,Saanvi Kumar,customer.1444@example.com,2022-09-23,Hyderabad,India,High-Value
CUST-1445,Ishaan Gupta,customer.1445@example.com,2023-03-28,Kolkata,India,High-Value
CUST-1446,Aditya Kumar,customer.1446@example.com,2024-01-21,Pune,India,Frequent-Buyer
CUST-1447,Pari Reddy,customer.1447@example.com,2023-05-15,Hyderabad,India,High-Value
CUST-1448,Pari Reddy,customer.1448@example.com,2023-01-17,Hyderabad,India,High-Value
CUST-1449,Krishna Verma,customer.1449@example.com,2022-08-04,Jaipur,India,Frequent-Buyer
CUST-1450,Aditya Reddy,customer.1450@example.com,2025-08-22,Mumbai,India,
CUST-1451,Pari Patel,customer.1451@example.com,2025-02-01,Bangalore,India,High-Value
CUST-1452,Sai Jain,customer.1452@example.com,2025-06-25,Bangalore,India,High-Value
CUST-1453,Aarav Verma,customer.1453@example.com,2024-06-02,Hyderabad,India,High-Value
CUST-1454,Pari Sharma,customer.1454@example.com,2025-08-31,Mumbai,India,
CUST-1455,Ananya Sharma,customer.1455@example.com,2023-10-25,Mumbai,India,High-Value
CUST-1456,Pari Shah,customer.1456@example.com,2024-12-24,Surat,India,High-Value
CUST-1457,Riya Jain,customer.1457@example.com,2024-11-19,Pune,India,High-Value
CUST-1458,Riya Kumar,customer.1458@example.com,2024-12-20,Hyderabad,India,High-Value
CUST-1459,Diya Shah,customer.1459@example.com,2024-11-09,Chennai,India,High-Value
CUST-1460,Pari Reddy,customer.1460@example.com,2023-08-05,Mumbai,India,High-Value
CUST-1461,Sitara Shah,customer.1461@example.com,2023-08-04,Pune,India,Frequent-Buyer
CUST-1462,Aditya Singh,customer.1462@example.com,2024-11-12,Hyderabad,India,High-Value
CUST-1463,Sitara Singh,customer.1463@example.com,2025-05-22,Surat,India,
CUST-1464,Sai Gupta,customer.1464@example.com,2022-02-20,Jaipur,India,Frequent-Buyer
CUST-1465,Ayaan Jain,customer.1465@example.com,2022-10-06,Pune,India,High-Value
CUST-1466,Ishaan Sharma,customer.1466@example.com,2022-08-11,Mumbai,India,
CUST-1467,Ishaan Jain,customer.1467@example.com,2023-07-03,Jaipur,India,
CUST-1468,Ayaan Sharma,customer.1468@example.com,2025-10-06,Pune,India,Frequent-Buyer
CUST-1469,Aditya Kumar,customer.1469@example.com,2022-03-28,Kolkata,India,Frequent-Buyer
CUST-1470,Aadya Jain,customer.1470@example.com,2022-12-30,Kolkata,India,High-Value
CUST-1471,Vihaan Patel,customer.1471@example.com,2024-04-12,Mumbai,India,Frequent-Buyer
CUST-1472,Aadya Gupta,customer.1472@example.com,2023-12-20,Surat,India,
CUST-1473,Pari Verma,customer.1473@example.com,2023-12-18,Kolkata,India,
CUST-1474,Ayaan Kumar,customer.1474@example.com,2026-01-07,Bangalore,India,Frequent-Buyer
CUST-1475,Riya Verma,customer.1475@example.com,2024-01-01,Bangalore,India,High-Value
CUST-1476,Aadya Mehta,customer.1476@example.com,2026-01-30,Kolkata,India,
CUST-1477,Vivaan Verma,customer.1477@example.com,2022-01-12,Kolkata,India,High-Value
CUST-1478,Aditya Shah,customer.1478@example.com,2022-04-10,Delhi,India,
CUST-1479,Aarav Patel,customer.1479@example.com,2022-01-29,Jaipur,India,High-Value
CUST-1480,Kiara Singh,customer.1480@example.com,2025-06-30,Pune,India,
CUST-1481,Kiara Reddy,customer.1481@example.com,2023-01-20,Jaipur,India,
CUST-1482,Aditya Singh,customer.1482@example.com,2024-09-14,Jaipur,India,High-Value
CUST-1483,Saanvi Kumar,customer.1483@example.com,2023-01-22,Pune,India,
CUST-1484,Aadya Gupta,customer.1484@example.com,2023-10-30,Ahmedabad,India,Frequent-Buyer
CUST-1485,Riya Shah,customer.1485@example.com,2022-08-29,Delhi,India,High-Value
CUST-1486,Pari Shah,customer.1486@example.com,2022-03-18,Surat,India,Frequent-Buyer
CUST-1487,Riya Mehta,customer.1487@example.com,2024-05-04,Bangalore,India,
CUST-1488,Ishaan Kumar,customer.1488@example.com,2025-04-29,Surat,India,High-Value
CUST-1489,Aarav Sharma,customer.1489@example.com,2026-02-01,Mumbai,India,High-Value
CUST-1490,Kiara Patel,customer.1490@example.com,2024-12-01,Mumbai,India,High-Value
CUST-1491,Kiara Verma,customer.1491@example.com,2022-04-28,Surat,India,High-Value
CUST-1492,Reyansh Reddy,customer.1492@example.com,2022-04-27,Hyderabad,India,
CUST-1493,Sitara Singh,customer.1493@example.com,2025-01-01,Hyderabad,India,High-Value
CUST-1494,Diya Patel,customer.1494@example.com,2025-05-20,Surat,India,
CUST-1495,Aadya Reddy,customer.1495@example.com,2025-01-12,Delhi,India,
CUST-1496,Diya Mehta,customer.1496@example.com,2025-03-16,Bangalore,India,High-Value
CUST-1497,Arjun Verma,customer.1497@example.com,2024-03-07,Hyderabad,India,
CUST-1498,Sitara Sharma,customer.1498@example.com,2025-01-03,Chennai,India,Frequent-Buyer
CUST-1499,Kiara Mehta,customer.1499@example.com,2023-11-17,Pune,India,High-Value
CUST-1500,Reyansh Kumar,customer.1500@example.com,2024-12-22,Kolkata,India,High-Value
CUST-1501,Sai Patel,customer.1501@example.com,2025-10-08,Pune,India,High-Value
CUST-1502,Kiara Reddy,customer.1502@example.com,2022-05-08,Bangalore,India,
CUST-1503,Ananya Jain,customer.1503@example.com,2024-03-27,Surat,India,High-Value
CUST-1504,Sitara Verma,customer.1504@example.com,2025-11-11,Hyderabad,India,Active
CUST-1505,Diya Jain,customer.1505@example.com,2025-10-19,Pune,India,High-Value
CUST-1506,Sai Kumar,customer.1506@example.com,2022-05-07,Kolkata,India,High-Value
CUST-1507,Aadya Verma,customer.1507@example.com,2023-05-01,Hyderabad,India,High-Value
CUST-1508,Ishaan Singh,customer.1508@example.com,2023-07-18,Mumbai,India,Active
CUST-1509,Ishaan Sharma,customer.1509@example.com,2026-01-26,Bangalore,India,Frequent-Buyer
CUST-1510,Saanvi Kumar,customer.1510@example.com,2025-12-23,Delhi,India,Frequent-Buyer
CUST-1511,Ananya Patel,customer.1511@example.com,2022-09-25,Chennai,India,
CUST-1512,Sai Patel,customer.1512@example.com,2022-07-03,Ahmedabad,India,
CUST-1513,Saanvi Patel,customer.1513@example.com,2022-07-11,Mumbai,India,High-Value
CUST-1514,Arjun Gupta,customer.1514@example.com,2026-01-11,Kolkata,India,
CUST-1515,Ayaan Patel,customer.1515@example.com,2023-03-06,Pune,India,High-Value
CUST-1516,Kiara Singh,customer.1516@example.com,2025-01-11,Chennai,India,
CUST-1517,Saanvi Gupta,customer.1517@example.com,2025-07-16,Surat,India,
CUST-1518,Ishaan Shah,customer.1518@example.com,2022-08-04,Bangalore,India,High-Value
CUST-1519,Ayaan Kumar,customer.1519@example.com,2024-06-26,Ahmedabad,India,
CUST-1520,Sitara Shah,customer.1520@example.com,2022-09-23,Hyderabad,India,Frequent-Buyer
CUST-1521,Ananya Gupta,customer.1521@example.com,2024-06-02,Delhi,India,High-Value
CUST-1522,Aditya Kumar,customer.1522@example.com,2025-01-08,Chennai,India,Active
CUST-1523,Diya Reddy,customer.1523@example.com,2022-03-28,Surat,India,
CUST-1524,Pari Kumar,customer.1524@example.com,2024-05-20,Surat,India,Frequent-Buyer
CUST-1525,Ayaan Kumar,customer.1525@example.com,2022-06-24,Ahmedabad,India,
CUST-1526,Riya Verma,customer.1526@example.com,2023-01-20,Jaipur,India,High-Value
CUST-1527,Aarav Verma,customer.1527@example.com,2024-03-02,Delhi,India,Active
CUST-1528,Sitara Kumar,customer.1528@example.com,2025-06-25,Chennai,India,
CUST-1529,Aarav Gupta,customer.1529@example.com,2023-07-04,Hyderabad,India,High-Value
CUST-1530,Ayaan Sharma,customer.1530@example.com,2023-09-06,Ahmedabad,India,
CUST-1531,Aarav Gupta,customer.1531@example.com,2025-03-13,Jaipur,India,Frequent-Buyer
CUST-1532,Aadya Jain,customer.1532@example.com,2022-05-12,Mumbai,India,High-Value
CUST-1533,Ishaan Patel,customer.1533@example.com,2022-06-30,Hyderabad,India,Frequent-Buyer
CUST-1534,Arjun Singh,customer.1534@example.com,2025-02-01,Pune,India,Active
CUST-1535,Saanvi Verma,customer.1535@example.com,2025-10-12,Jaipur,India,High-Value
CUST-1536,Saanvi Shah,customer.1536@example.com,2023-01-02,Pune,India,High-Value
CUST-1537,Sitara Verma,customer.1537@example.com,2023-07-14,Chennai,India,High-Value
CUST-1538,Ananya Mehta,customer.1538@example.com,2024-08-01,Surat,India,Active
CUST-1539,Krishna Gupta,customer.1539@example.com,2024-07-03,Surat,India,Frequent-Buyer
CUST-1540,Arjun Singh,customer.1540@example.com,2025-04-09,Surat,India,Frequent-Buyer
CUST-1541,Sitara Shah,customer.1541@example.com,2023-01-23,Delhi,India,Frequent-Buyer
CUST-1542,Aarav Mehta,customer.1542@example.com,2022-04-13,Pune,India,Frequent-Buyer
CUST-1543,Sai Shah,customer.1543@example.com,2025-12-02,Pune,India,Frequent-Buyer
CUST-1544,Sitara Sharma,customer.1544@example.com,2026-01-09,Delhi,India,High-Value
CUST-1545,Vihaan Kumar,customer.1545@example.com,2024-06-25,Mumbai,India,
CUST-1546,Riya Gupta,customer.1546@example.com,2024-01-04,Ahmedabad,India,High-Value
CUST-1547,Vihaan Jain,customer.1547@example.com,2024-11-07,Delhi,India,
CUST-1548,Riya Gupta,customer.1548@example.com,2024-09-04,Bangalore,India,High-Value
CUST-1549,Diya Patel,customer.1549@example.com,2024-07-21,Ahmedabad,India,Frequent-Buyer
CUST-1550,Ananya Verma,customer.1550@example.com,2022-04-10,Jaipur,India,High-Value
CUST-1551,Ananya Jain,customer.1551@example.com,2022-12-20,Kolkata,India,High-Value
CUST-1552,Aditya Kumar,customer.1552@example.com,2024-07-06,Bangalore,India,High-Value
CUST-1553,Krishna Mehta,customer.1553@example.com,2024-11-18,Surat,India,High-Value
CUST-1554,Diya Mehta,customer.1554@example.com,2023-09-30,Delhi,India,High-Value
CUST-1555,Sitara Jain,customer.1555@example.com,2024-02-24,Delhi,India,Frequent-Buyer
CUST-1556,Reyansh Sharma,customer.1556@example.com,2024-06-10,Hyderabad,India,High-Value
CUST-1557,Reyansh Sharma,customer.1557@example.com,2025-03-13,Delhi,India,High-Value
CUST-1558,Krishna Singh,customer.1558@example.com,2023-03-15,Hyderabad,India,High-Value
CUST-1559,Riya Shah,customer.1559@example.com,2024-08-12,Pune,India,Frequent-Buyer
CUST-1560,Aditya Verma,customer.1560@example.com,2022-07-11,Kolkata,India,
CUST-1561,Ayaan Mehta,customer.1561@example.com,2023-03-01,Mumbai,India,Frequent-Buyer
CUST-1562,Diya Singh,customer.1562@example.com,2025-12-18,Bangalore,India,Active
CUST-1563,Krishna Kumar,customer.1563@example.com,2023-07-10,Pune,India,High-Value
CUST-1564,Aditya Kumar,customer.1564@example.com,2025-12-18,Chennai,India,High-Value
CUST-1565,Reyansh Mehta,customer.1565@example.com,2023-11-06,Jaipur,India,
CUST-1566,Vihaan Mehta,customer.1566@example.com,2022-08-06,Mumbai,India,
CUST-1567,Sitara Patel,customer.1567@example.com,2024-09-18,Pune,India,Frequent-Buyer
CUST-1568,Aditya Jain,customer.1568@example.com,2025-04-20,Jaipur,India,High-Value
CUST-1569,Saanvi Patel,customer.1569@example.com,2025-10-23,Bangalore,India,
CUST-1570,Saanvi Reddy,customer.1570@example.com,2022-03-06,Hyderabad,India,Frequent-Buyer
CUST-1571,Aditya Kumar,customer.1571@example.com,2024-01-20,Surat,India,
CUST-1572,Ishaan Shah,customer.1572@example.com,2025-09-17,Chennai,India,Frequent-Buyer
CUST-1573,Diya Mehta,customer.1573@example.com,2024-04-03,Pune,India,High-Value
CUST-1574,Diya Gupta,customer.1574@example.com,2022-07-02,Bangalore,India,Active
CUST-1575,Aadya Singh,customer.1575@example.com,2022-04-21,Hyderabad,India,Frequent-Buyer
CUST-1576,Ananya Mehta,customer.1576@example.com,2024-09-20,Mumbai,India,High-Value
CUST-1577,Vihaan Jain,customer.1577@example.com,2023-03-03,Chennai,India,High-Value
CUST-1578,Sitara Jain,customer.1578@example.com,2023-01-03,Hyderabad,India,High-Value
CUST-1579,Saanvi Sharma,customer.1579@example.com,2025-10-03,Mumbai,India,High-Value
CUST-1580,Ayaan Kumar,customer.1580@example.com,2023-08-07,Chennai,India,High-Value
CUST-1581,Krishna Patel,customer.1581@example.com,2025-07-07,Bangalore,India,High-Value
CUST-1582,Aarav Singh,customer.1582@example.com,2025-07-24,Kolkata,India,
CUST-1583,Arjun Verma,customer.1583@example.com,2024-02-10,Ahmedabad,India,High-Value
CUST-1584,Diya Sharma,customer.1584@example.com,2023-06-16,Hyderabad,India,Frequent-Buyer
CUST-1585,Ananya Shah,customer.1585@example.com,2025-01-11,Hyderabad,India,
CUST-1586,Saanvi Patel,customer.1586@example.com,2025-12-24,Hyderabad,India,
CUST-1587,Riya Singh,customer.1587@example.com,2022-05-24,Bangalore,India,High-Value
CUST-1588,Sitara Patel,customer.1588@example.com,2025-09-14,Surat,India,High-Value
CUST-1589,Aditya Mehta,customer.1589@example.com,2023-11-09,Chennai,India,High-Value
CUST-1590,Ishaan Mehta,customer.1590@example.com,2023-11-17,Mumbai,India,High-Value
CUST-1591,Aarav Mehta,customer.1591@example.com,2022-07-13,Chennai,India,High-Value
CUST-1592,Krishna Patel,customer.1592@example.com,2024-11-11,Surat,India,High-Value
CUST-1593,Aditya Singh,customer.1593@example.com,2024-08-26,Bangalore,India,High-Value
CUST-1594,Riya Patel,customer.1594@example.com,2025-02-18,Kolkata,India,Frequent-Buyer
CUST-1595,Kiara Kumar,customer.1595@example.com,2023-05-15,Bangalore,India,Frequent-Buyer
CUST-1596,Sai Patel,customer.1596@example.com,2023-01-07,Ahmedabad,India,Frequent-Buyer
CUST-1597,Diya Verma,customer.1597@example.com,2024-09-16,Jaipur,India,
CUST-1598,Sai Singh,customer.1598@example.com,2024-12-10,Surat,India,
CUST-1599,Saanvi Shah,customer.1599@example.com,2025-02-17,Kolkata,India,Frequent-Buyer
CUST-1600,Riya Singh,customer.1600@example.com,2023-11-28,Chennai,India,
CUST-1601,Aditya Singh,customer.1601@example.com,2025-01-05,Chennai,India,High-Value
CUST-1602,Sitara Mehta,customer.1602@example.com,2024-07-03,Bangalore,India,
CUST-1603,Ishaan Shah,customer.1603@example.com,2025-11-12,Bangalore,India,High-Value
CUST-1604,Aditya Verma,customer.1604@example.com,2025-04-08,Chennai,India,
CUST-1605,Aadya Shah,customer.1605@example.com,2022-09-24,Delhi,India,High-Value
CUST-1606,Ayaan Reddy,customer.1606@example.com,2023-03-15,Pune,India,High-Value
CUST-1607,Diya Kumar,customer.1607@example.com,2025-08-07,Bangalore,India,
CUST-1608,Arjun Shah,customer.1608@example.com,2025-08-10,Kolkata,India,High-Value
CUST-1609,Ananya Jain,customer.1609@example.com,2023-05-24,Chennai,India,Active
CUST-1610,Reyansh Mehta,customer.1610@example.com,2024-04-14,Chennai,India,
CUST-1611,Aarav Reddy,customer.1611@example.com,2026-01-28,Pune,India,High-Value
CUST-1612,Aditya Verma,customer.1612@example.com,2022-09-07,Jaipur,India,Active
CUST-1613,Riya Kumar,customer.1613@example.com,2025-10-04,Kolkata,India,
CUST-1614,Krishna Verma,customer.1614@example.com,2026-01-17,Surat,India,High-Value
CUST-1615,Vihaan Sharma,customer.1615@example.com,2023-12-22,Kolkata,India,
CUST-1616,Vivaan Kumar,customer.1616@example.com,2024-05-17,Hyderabad,India,High-Value
CUST-1617,Ishaan Singh,customer.1617@example.com,2023-11-08,Surat,India,High-Value
CUST-1618,Reyansh Mehta,customer.1618@example.com,2024-09-18,Mumbai,India,Frequent-Buyer
CUST-1619,Sitara Mehta,customer.1619@example.com,2025-10-11,Hyderabad,India,Frequent-Buyer
CUST-1620,Sai Reddy,customer.1620@example.com,2025-03-08,Mumbai,India,Frequent-Buyer
CUST-1621,Saanvi Patel,customer.1621@example.com,2022-12-06,Hyderabad,India,
CUST-1622,Krishna Jain,customer.1622@example.com,2024-10-29,Kolkata,India,High-Value
CUST-1623,Ayaan Shah,customer.1623@example.com,2025-05-01,Jaipur,India,High-Value
CUST-1624,Pari Singh,customer.1624@example.com,2022-03-26,Delhi,India,Frequent-Buyer
CUST-1625,Pari Shah,customer.1625@example.com,2023-01-13,Kolkata,India,High-Value
CUST-1626,Kiara Singh,customer.1626@example.com,2025-12-20,Mumbai,India,High-Value
CUST-1627,Saanvi Patel,customer.1627@example.com,2025-08-30,Chennai,India,
CUST-1628,Vihaan Patel,customer.1628@example.com,2024-09-02,Chennai,India,High-Value
CUST-1629,Pari Patel,customer.1629@example.com,2025-09-01,Delhi,India,
CUST-1630,Saanvi Sharma,customer.1630@example.com,2022-06-13,Delhi,India,High-Value
CUST-1631,Arjun Patel,customer.1631@example.com,2023-11-17,Pune,India,High-Value
CUST-1632,Ishaan Sharma,customer.1632@example.com,2025-02-21,Jaipur,India,
CUST-1633,Vihaan Jain,customer.1633@example.com,2022-02-18,Pune,India,High-Value
CUST-1634,Aadya Sharma,customer.1634@example.com,2026-02-04,Ahmedabad,India,High-Value
CUST-1635,Vivaan Singh,customer.1635@example.com,2023-05-24,Pune,India,High-Value
CUST-1636,Aarav Shah,customer.1636@example.com,2024-08-26,Chennai,India,High-Value
CUST-1637,Kiara Shah,customer.1637@example.com,2023-01-31,Ahmedabad,India,High-Value
CUST-1638,Sai Patel,customer.1638@example.com,2022-10-09,Ahmedabad,India,High-Value
CUST-1639,Aadya Jain,customer.1639@example.com,2024-08-23,Surat,India,High-Value
CUST-1640,Kiara Verma,customer.1640@example.com,2022-12-02,Surat,India,High-Value
CUST-1641,Sai Sharma,customer.1641@example.com,2023-08-01,Bangalore,India,
CUST-1642,Ayaan Jain,customer.1642@example.com,2023-01-31,Chennai,India,Frequent-Buyer
CUST-1643,Riya Shah,customer.1643@example.com,2025-05-30,Bangalore,India,Active
CUST-1644,Diya Gupta,customer.1644@example.com,2025-11-20,Bangalore,India,
CUST-1645,Sai Reddy,customer.1645@example.com,2022-08-12,Bangalore,India,High-Value
CUST-1646,Vihaan Jain,customer.1646@example.com,2026-01-24,Mumbai,India,High-Value
CUST-1647,Vihaan Shah,customer.1647@example.com,2023-08-25,Bangalore,India,High-Value
CUST-1648,Reyansh Shah,customer.1648@example.com,2026-01-29,Mumbai,India,Frequent-Buyer
CUST-1649,Sitara Verma,customer.1649@example.com,2025-05-20,Hyderabad,India,
CUST-1650,Vihaan Shah,customer.1650@example.com,2024-08-24,Ahmedabad,India,High-Value
CUST-1651,Sai Kumar,customer.1651@example.com,2023-02-17,Mumbai,India,High-Value
CUST-1652,Vihaan Mehta,customer.1652@example.com,2024-09-06,Hyderabad,India,High-Value
CUST-1653,Sai Mehta,customer.1653@example.com,2023-08-11,Pune,India,High-Value
CUST-1654,Aarav Verma,customer.1654@example.com,2022-08-17,Hyderabad,India,High-Value
CUST-1655,Ayaan Kumar,customer.1655@example.com,2022-09-19,Jaipur,India,High-Value
CUST-1656,Pari Kumar,customer.1656@example.com,2023-08-04,Ahmedabad,India,High-Value
CUST-1657,Kiara Verma,customer.1657@example.com,2026-01-26,Delhi,India,High-Value
CUST-1658,Diya Gupta,customer.1658@example.com,2023-10-06,Mumbai,India,High-Value
CUST-1659,Ananya Jain,customer.1659@example.com,2025-09-21,Hyderabad,India,
CUST-1660,Ishaan Singh,customer.1660@example.com,2023-08-09,Surat,India,High-Value
CUST-1661,Reyansh Verma,customer.1661@example.com,2024-08-28,Pune,India,Frequent-Buyer
CUST-1662,Diya Sharma,customer.1662@example.com,2023-08-25,Mumbai,India,
CUST-1663,Sai Jain,customer.1663@example.com,2022-08-17,Chennai,India,High-Value
CUST-1664,Vivaan Sharma,customer.1664@example.com,2024-10-16,Mumbai,India,High-Value
CUST-1665,Vihaan Sharma,customer.1665@example.com,2022-02-08,Jaipur,India,
CUST-1666,Krishna Patel,customer.1666@example.com,2025-02-25,Ahmedabad,India,Frequent-Buyer
CUST-1667,Aditya Shah,customer.1667@example.com,2023-01-09,Pune,India,Frequent-Buyer
CUST-1668,Aditya Singh,customer.1668@example.com,2026-01-24,Surat,India,
CUST-1669,Ananya Gupta,customer.1669@example.com,2022-05-05,Pune,India,High-Value
CUST-1670,Arjun Verma,customer.1670@example.com,2022-02-08,Hyderabad,India,
CUST-1671,Saanvi Reddy,customer.1671@example.com,2023-01-11,Surat,India,High-Value
CUST-1672,Aarav Kumar,customer.1672@example.com,2024-11-20,Kolkata,India,Active
CUST-1673,Aadya Sharma,customer.1673@example.com,2023-12-28,Hyderabad,India,High-Value
CUST-1674,Diya Sharma,customer.1674@example.com,2023-07-13,Kolkata,India,High-Value
CUST-1675,Krishna Gupta,customer.1675@example.com,2022-11-03,Surat,India,
CUST-1676,Reyansh Shah,customer.1676@example.com,2023-01-25,Ahmedabad,India,High-Value
CUST-1677,Saanvi Gupta,customer.1677@example.com,2022-02-28,Surat,India,High-Value
CUST-1678,Saanvi Mehta,customer.1678@example.com,2024-06-17,Bangalore,India,High-Value
CUST-1679,Sai Shah,customer.1679@example.com,2023-06-12,Ahmedabad,India,High-Value
CUST-1680,Vihaan Sharma,customer.1680@example.com,2025-08-22,Chennai,India,High-Value
CUST-1681,Pari Mehta,customer.1681@example.com,2023-12-13,Mumbai,India,
CUST-1682,Kiara Singh,customer.1682@example.com,2023-11-02,Hyderabad,India,High-Value
CUST-1683,Aadya Shah,customer.1683@example.com,2026-01-17,Kolkata,India,
CUST-1684,Pari Verma,customer.1684@example.com,2022-04-01,Hyderabad,India,
CUST-1685,Aditya Patel,customer.1685@example.com,2022-09-09,Ahmedabad,India,High-Value
CUST-1686,Diya Verma,customer.1686@example.com,2024-06-19,Mumbai,India,High-Value
CUST-1687,Reyansh Jain,customer.1687@example.com,2024-12-05,Ahmedabad,India,High-Value
CUST-1688,Sitara Sharma,customer.1688@example.com,2024-03-12,Bangalore,India,High-Value
CUST-1689,Vivaan Singh,customer.1689@example.com,2022-07-17,Ahmedabad,India,Frequent-Buyer
CUST-1690,Sitara Mehta,customer.1690@example.com,2022-03-09,Kolkata,India,
CUST-1691,Reyansh Singh,customer.1691@example.com,2026-02-07,Bangalore,India,Frequent-Buyer
CUST-1692,Kiara Reddy,customer.1692@example.com,2026-02-09,Ahmedabad,India,High-Value
CUST-1693,Ishaan Gupta,customer.1693@example.com,2022-03-17,Surat,India,High-Value
CUST-1694,Ayaan Verma,customer.1694@example.com,2024-03-21,Pune,India,
CUST-1695,Ananya Jain,customer.1695@example.com,2022-01-09,Chennai,India,
CUST-1696,Aarav Shah,customer.1696@example.com,2025-03-25,Kolkata,India,
CUST-1697,Aditya Singh,customer.1697@example.com,2023-11-21,Kolkata,India,
CUST-1698,Diya Shah,customer.1698@example.com,2025-12-05,Bangalore,India,High-Value
CUST-1699,Ananya Reddy,customer.1699@example.com,2023-08-28,Surat,India,
CUST-1700,Vivaan Shah,customer.1700@example.com,2024-01-31,Ahmedabad,India,
CUST-1701,Saanvi Jain,customer.1701@example.com,2024-03-30,Hyderabad,India,High-Value
CUST-1702,Krishna Verma,customer.1702@example.com,2022-07-31,Bangalore,India,Frequent-Buyer
CUST-1703,Arjun Singh,customer.1703@example.com,2023-02-05,Kolkata,India,High-Value
CUST-1704,Aadya Reddy,customer.1704@example.com,2024-10-11,Kolkata,India,
CUST-1705,Reyansh Patel,customer.1705@example.com,2023-12-02,Mumbai,India,Frequent-Buyer
CUST-1706,Aditya Jain,customer.1706@example.com,2025-08-30,Chennai,India,
CUST-1707,Aarav Kumar,customer.1707@example.com,2024-09-18,Hyderabad,India,High-Value
CUST-1708,Sai Reddy,customer.1708@example.com,2024-02-02,Ahmedabad,India,Frequent-Buyer
CUST-1709,Arjun Singh,customer.1709@example.com,2022-12-04,Chennai,India,
CUST-1710,Arjun Sharma,customer.1710@example.com,2026-01-08,Jaipur,India,Frequent-Buyer
CUST-1711,Aadya Gupta,customer.1711@example.com,2024-04-18,Mumbai,India,High-Value
CUST-1712,Ishaan Mehta,customer.1712@example.com,2023-09-05,Mumbai,India,
CUST-1713,Aadya Patel,customer.1713@example.com,2025-03-02,Delhi,India,
CUST-1714,Sai Sharma,customer.1714@example.com,2023-11-21,Delhi,India,High-Value
CUST-1715,Aadya Patel,customer.1715@example.com,2024-01-12,Ahmedabad,India,
CUST-1716,Saanvi Gupta,customer.1716@example.com,2025-06-27,Bangalore,India,
CUST-1717,Aarav Kumar,customer.1717@example.com,2025-07-11,Kolkata,India,Frequent-Buyer
CUST-1718,Ananya Jain,customer.1718@example.com,2025-08-25,Bangalore,India,
CUST-1719,Vihaan Mehta,customer.1719@example.com,2024-10-10,Kolkata,India,
CUST-1720,Diya Jain,customer.1720@example.com,2025-06-07,Jaipur,India,High-Value
CUST-1721,Sitara Gupta,customer.1721@example.com,2024-12-08,Jaipur,India,
CUST-1722,Pari Jain,customer.1722@example.com,2025-10-29,Surat,India,
CUST-1723,Aadya Patel,customer.1723@example.com,2024-11-14,Pune,India,Frequent-Buyer
CUST-1724,Arjun Sharma,customer.1724@example.com,2023-12-27,Pune,India,
CUST-1725,Sitara Verma,customer.1725@example.com,2024-04-11,Surat,India,High-Value
CUST-1726,Krishna Patel,customer.1726@example.com,2024-07-31,Ahmedabad,India,Frequent-Buyer
CUST-1727,Sai Sharma,customer.1727@example.com,2023-09-07,Chennai,India,High-Value
CUST-1728,Arjun Sharma,customer.1728@example.com,2022-01-11,Chennai,India,
CUST-1729,Vivaan Patel,customer.1729@example.com,2025-01-26,Jaipur,India,Active
CUST-1730,Riya Singh,customer.1730@example.com,2023-03-05,Delhi,India,Active
CUST-1731,Aditya Kumar,customer.1731@example.com,2022-02-20,Ahmedabad,India,High-Value
CUST-1732,Aarav Shah,customer.1732@example.com,2023-05-13,Mumbai,India,Frequent-Buyer
CUST-1733,Ayaan Singh,customer.1733@example.com,2023-01-11,Chennai,India,High-Value
CUST-1734,Ananya Sharma,customer.1734@example.com,2022-10-29,Pune,India,Frequent-Buyer
CUST-1735,Vihaan Reddy,customer.1735@example.com,2024-07-26,Pune,India,High-Value
CUST-1736,Aarav Verma,customer.1736@example.com,2022-05-13,Chennai,India,High-Value
CUST-1737,Diya Singh,customer.1737@example.com,2023-10-13,Surat,India,High-Value
CUST-1738,Pari Kumar,customer.1738@example.com,2022-01-14,Surat,India,High-Value
CUST-1739,Aadya Patel,customer.1739@example.com,2023-01-07,Chennai,India,
CUST-1740,Kiara Reddy,customer.1740@example.com,2025-08-24,Jaipur,India,Frequent-Buyer
CUST-1741,Pari Verma,customer.1741@example.com,2022-02-09,Kolkata,India,Frequent-Buyer
CUST-1742,Kiara Singh,customer.1742@example.com,2023-08-26,Delhi,India,Frequent-Buyer
CUST-1743,Sai Verma,customer.1743@example.com,2025-07-18,Pune,India,
CUST-1744,Reyansh Mehta,customer.1744@example.com,2025-02-05,Mumbai,India,High-Value
CUST-1745,Diya Sharma,customer.1745@example.com,2022-02-17,Hyderabad,India,
CUST-1746,Aditya Reddy,customer.1746@example.com,2025-12-07,Hyderabad,India,High-Value
CUST-1747,Vivaan Gupta,customer.1747@example.com,2024-10-28,Surat,India,
CUST-1748,Kiara Sharma,customer.1748@example.com,2023-09-16,Jaipur,India,High-Value
CUST-1749,Aadya Mehta,customer.1749@example.com,2025-05-21,Pune,India,High-Value
CUST-1750,Pari Sharma,customer.1750@example.com,2024-12-06,Ahmedabad,India,High-Value
CUST-1751,Pari Shah,customer.1751@example.com,2024-05-27,Delhi,India,Active
CUST-1752,Aadya Jain,customer.1752@example.com,2025-10-25,Jaipur,India,
CUST-1753,Ananya Kumar,customer.1753@example.com,2023-06-30,Mumbai,India,High-Value
CUST-1754,Sitara Verma,customer.1754@example.com,2023-02-21,Bangalore,India,Active
CUST-1755,Arjun Singh,customer.1755@example.com,2022-03-19,Ahmedabad,India,High-Value
CUST-1756,Vivaan Sharma,customer.1756@example.com,2025-09-04,Bangalore,India,Frequent-Buyer
CUST-1757,Aadya Sharma,customer.1757@example.com,2025-05-31,Bangalore,India,Frequent-Buyer
CUST-1758,Ananya Verma,customer.1758@example.com,2023-08-11,Ahmedabad,India,
CUST-1759,Reyansh Patel,customer.1759@example.com,2022-01-04,Jaipur,India,Frequent-Buyer
CUST-1760,Ayaan Verma,customer.1760@example.com,2023-12-17,Mumbai,India,
CUST-1761,Aadya Gupta,customer.1761@example.com,2024-07-13,Chennai,India,
CUST-1762,Aditya Jain,customer.1762@example.com,2024-08-13,Mumbai,India,
CUST-1763,Ishaan Jain,customer.1763@example.com,2024-07-04,Jaipur,India,Frequent-Buyer
CUST-1764,Arjun Jain,customer.1764@example.com,2025-05-28,Pune,India,Frequent-Buyer
CUST-1765,Krishna Patel,customer.1765@example.com,2022-06-30,Hyderabad,India,High-Value
CUST-1766,Krishna Verma,customer.1766@example.com,2023-06-05,Mumbai,India,Frequent-Buyer
CUST-1767,Aditya Sharma,customer.1767@example.com,2025-02-02,Chennai,India,High-Value
CUST-1768,Pari Patel,customer.1768@example.com,2023-12-06,Kolkata,India,High-Value
CUST-1769,Pari Kumar,customer.1769@example.com,2022-09-06,Jaipur,India,
CUST-1770,Aditya Reddy,customer.1770@example.com,2025-05-15,Bangalore,India,
CUST-1771,Reyansh Patel,customer.1771@example.com,2024-07-18,Mumbai,India,
CUST-1772,Sai Verma,customer.1772@example.com,2023-04-20,Delhi,India,
CUST-1773,Saanvi Jain,customer.1773@example.com,2022-05-07,Jaipur,India,High-Value
CUST-1774,Krishna Singh,customer.1774@example.com,2023-12-28,Ahmedabad,India,High-Value
CUST-1775,Aarav Shah,customer.1775@example.com,2025-03-28,Ahmedabad,India,
CUST-1776,Krishna Sharma,customer.1776@example.com,2022-06-25,Hyderabad,India,
CUST-1777,Kiara Jain,customer.1777@example.com,2022-12-14,Pune,India,High-Value
CUST-1778,Sitara Shah,customer.1778@example.com,2024-07-20,Delhi,India,Frequent-Buyer
CUST-1779,Saanvi Patel,customer.1779@example.com,2022-09-18,Bangalore,India,High-Value
CUST-1780,Ayaan Gupta,customer.1780@example.com,2022-10-18,Bangalore,India,
CUST-1781,Diya Shah,customer.1781@example.com,2023-02-08,Mumbai,India,High-Value
CUST-1782,Vihaan Verma,customer.1782@example.com,2025-05-12,Ahmedabad,India,High-Value
CUST-1783,Riya Mehta,customer.1783@example.com,2022-10-06,Mumbai,India,High-Value
CUST-1784,Vivaan Reddy,customer.1784@example.com,2023-12-04,Kolkata,India,High-Value
CUST-1785,Diya Patel,customer.1785@example.com,2022-03-21,Bangalore,India,Frequent-Buyer
CUST-1786,Krishna Gupta,customer.1786@example.com,2022-11-10,Delhi,India,High-Value
CUST-1787,Aditya Sharma,customer.1787@example.com,2022-08-28,Kolkata,India,
CUST-1788,Arjun Mehta,customer.1788@example.com,2024-09-28,Pune,India,High-Value
CUST-1789,Ananya Mehta,customer.1789@example.com,2025-09-15,Pune,India,High-Value
CUST-1790,Sai Sharma,customer.1790@example.com,2024-03-30,Hyderabad,India,
CUST-1791,Ishaan Kumar,customer.1791@example.com,2023-02-01,Delhi,India,High-Value
CUST-1792,Aarav Kumar,customer.1792@example.com,2024-12-25,Delhi,India,High-Value
CUST-1793,Vihaan Reddy,customer.1793@example.com,2024-01-17,Mumbai,India,High-Value
CUST-1794,Aarav Sharma,customer.1794@example.com,2024-05-10,Bangalore,India,High-Value
CUST-1795,Pari Gupta,customer.1795@example.com,2022-09-26,Hyderabad,India,High-Value
CUST-1796,Ayaan Reddy,customer.1796@example.com,2022-08-10,Jaipur,India,High-Value
CUST-1797,Aarav Reddy,customer.1797@example.com,2024-01-03,Pune,India,
CUST-1798,Sitara Patel,customer.1798@example.com,2024-11-30,Pune,India,
CUST-1799,Aarav Reddy,customer.1799@example.com,2023-09-28,Chennai,India,High-Value
CUST-1800,Vihaan Reddy,customer.1800@example.com,2022-04-01,Mumbai,India,High-Value
